date,group,device,gender,ratio
2025-01-01,타스만,MO,male,11.96266
2025-01-02,타스만,MO,male,9.67821
2025-01-03,타스만,MO,male,9.33431
2025-01-04,타스만,MO,male,12.89609
2025-01-05,타스만,MO,male,11.83984
2025-01-06,타스만,MO,male,12.30655
2025-01-07,타스만,MO,male,12.92065
2025-01-08,타스만,MO,male,13.14173
2025-01-09,타스만,MO,male,13.95234
2025-01-10,타스만,MO,male,15.08228
2025-01-11,타스만,MO,male,16.35961
2025-01-12,타스만,MO,male,14.86121
2025-01-13,타스만,MO,male,11.34856
2025-01-14,타스만,MO,male,11.76615
2025-01-15,타스만,MO,male,13.92778
2025-01-16,타스만,MO,male,12.74871
2025-01-17,타스만,MO,male,11.79071
2025-01-18,타스만,MO,male,13.46106
2025-01-19,타스만,MO,male,14.98403
2025-01-20,타스만,MO,male,11.17661
2025-01-21,타스만,MO,male,9.38344
2025-01-22,타스만,MO,male,7.73765
2025-01-23,타스만,MO,male,7.6394
2025-01-24,타스만,MO,male,9.53082
2025-01-25,타스만,MO,male,14.56644
2025-01-26,타스만,MO,male,14.36993
2025-01-27,타스만,MO,male,12.89609
2025-01-28,타스만,MO,male,15.18054
2025-01-29,타스만,MO,male,16.70351
2025-01-30,타스만,MO,male,13.75583
2025-01-31,타스만,MO,male,10.85728
2025-02-01,타스만,MO,male,12.57676
2025-02-02,타스만,MO,male,10.26774
2025-02-03,타스만,MO,male,7.51658
2025-02-04,타스만,MO,male,8.08155
2025-02-05,타스만,MO,male,9.01498
2025-02-06,타스만,MO,male,7.34463
2025-02-07,타스만,MO,male,7.73765
2025-02-08,타스만,MO,male,9.48169
2025-02-09,타스만,MO,male,8.99042
2025-02-10,타스만,MO,male,8.03242
2025-02-11,타스만,MO,male,7.73765
2025-02-12,타스만,MO,male,33.35789
2025-02-13,타스만,MO,male,72.7094
2025-02-14,타스만,MO,male,67.40358
2025-02-15,타스만,MO,male,100
2025-02-16,타스만,MO,male,93.58879
2025-02-17,타스만,MO,male,57.45517
2025-02-18,타스만,MO,male,47.50675
2025-02-19,타스만,MO,male,42.98698
2025-02-20,타스만,MO,male,40.18668
2025-02-21,타스만,MO,male,39.62171
2025-02-22,타스만,MO,male,58.14296
2025-02-23,타스만,MO,male,51.43699
2025-02-24,타스만,MO,male,35.93711
2025-02-25,타스만,MO,male,29.99263
2025-02-26,타스만,MO,male,31.76123
2025-02-27,타스만,MO,male,28.88725
2025-02-28,타스만,MO,male,31.02431
2025-03-01,타스만,MO,male,37.01793
2025-03-02,타스만,MO,male,28.81355
2025-03-03,타스만,MO,male,24.73593
2025-03-04,타스만,MO,male,14.22254
2025-03-05,타스만,MO,male,15.00859
2025-03-06,타스만,MO,male,16.38418
2025-03-07,타스만,MO,male,15.2788
2025-03-08,타스만,MO,male,21.22328
2025-03-09,타스만,MO,male,27.19233
2025-03-10,타스만,MO,male,26.20977
2025-03-11,타스만,MO,male,16.04028
2025-03-12,타스만,MO,male,15.67182
2025-03-13,타스만,MO,male,12.4785
2025-03-14,타스만,MO,male,14.39449
2025-03-15,타스만,MO,male,20.09334
2025-03-16,타스만,MO,male,20.41267
2025-03-17,타스만,MO,male,13.48563
2025-03-18,타스만,MO,male,11.88897
2025-03-19,타스만,MO,male,12.18373
2025-03-20,타스만,MO,male,13.01891
2025-03-21,타스만,MO,male,13.04347
2025-03-22,타스만,MO,male,38.34438
2025-03-23,타스만,MO,male,40.23581
2025-03-24,타스만,MO,male,18.34929
2025-03-25,타스만,MO,male,19.30729
2025-03-26,타스만,MO,male,19.74944
2025-03-27,타스만,MO,male,24.39204
2025-03-28,타스만,MO,male,24.51486
2025-03-29,타스만,MO,male,41.2675
2025-03-30,타스만,MO,male,44.53451
2025-03-31,타스만,MO,male,23.82706
2025-04-01,타스만,MO,male,16.55612
2025-04-02,타스만,MO,male,15.22967
2025-04-03,타스만,MO,male,25.76762
2025-04-04,타스만,MO,male,24.90788
2025-04-05,타스만,MO,male,34.31589
2025-04-06,타스만,MO,male,30.90149
2025-04-07,타스만,MO,male,19.77401
2025-04-08,타스만,MO,male,19.52837
2025-04-09,타스만,MO,male,20.85482
2025-04-10,타스만,MO,male,17.02284
2025-04-11,타스만,MO,male,19.35642
2025-04-12,타스만,MO,male,27.46253
2025-04-13,타스만,MO,male,23.16384
2025-04-14,타스만,MO,male,16.92458
2025-04-15,타스만,MO,male,21.71456
2025-04-16,타스만,MO,male,29.10832
2025-04-17,타스만,MO,male,29.82068
2025-04-18,타스만,MO,male,36.3547
2025-04-19,타스만,MO,male,43.62564
2025-04-20,타스만,MO,male,41.16924
2025-04-21,타스만,MO,male,31.22083
2025-04-22,타스만,MO,male,28.81355
2025-04-23,타스만,MO,male,29.18201
2025-04-24,타스만,MO,male,27.06951
2025-04-25,타스만,MO,male,30.18914
2025-04-26,타스만,MO,male,38.76197
2025-04-27,타스만,MO,male,38.90935
2025-04-28,타스만,MO,male,23.72881
2025-04-29,타스만,MO,male,23.87619
2025-04-30,타스만,MO,male,26.6028
2025-05-01,타스만,MO,male,28.00294
2025-05-02,타스만,MO,male,68.90198
2025-05-03,타스만,MO,male,79.26799
2025-05-04,타스만,MO,male,58.80619
2025-05-05,타스만,MO,male,56.98845
2025-05-06,타스만,MO,male,52.91083
2025-05-07,타스만,MO,male,30.38565
2025-05-08,타스만,MO,male,30.85237
2025-05-09,타스만,MO,male,33.52984
2025-05-10,타스만,MO,male,34.58609
2025-05-11,타스만,MO,male,37.38639
2025-05-12,타스만,MO,male,27.41341
2025-05-13,타스만,MO,male,29.67329
2025-05-14,타스만,MO,male,29.84524
2025-05-15,타스만,MO,male,26.47998
2025-05-16,타스만,MO,male,25.44829
2025-05-17,타스만,MO,male,40.80078
2025-05-18,타스만,MO,male,34.31589
2025-05-19,타스만,MO,male,24.58855
2025-05-20,타스만,MO,male,26.20977
2025-05-21,타스만,MO,male,24.71137
2025-05-22,타스만,MO,male,30.04175
2025-05-23,타스만,MO,male,27.11864
2025-05-24,타스만,MO,male,40.01473
2025-05-25,타스만,MO,male,36.37926
2025-05-26,타스만,MO,male,25.3746
2025-05-27,타스만,MO,male,23.1884
2025-05-28,타스만,MO,male,22.89363
2025-05-29,타스만,MO,male,21.91107
2025-05-30,타스만,MO,male,23.4586
2025-05-31,타스만,MO,male,33.40702
2025-06-01,타스만,MO,male,27.83099
2025-06-02,타스만,MO,male,21.49349
2025-06-03,타스만,MO,male,23.75337
2025-06-04,타스만,MO,male,16.35961
2025-06-05,타스만,MO,male,19.89683
2025-06-06,타스만,MO,male,33.08769
2025-06-07,타스만,MO,male,35.4704
2025-06-08,타스만,MO,male,90.27266
2025-06-09,타스만,MO,male,41.14468
2025-06-10,타스만,MO,male,25.915
2025-06-11,타스만,MO,male,27.70817
2025-06-12,타스만,MO,male,31.14713
2025-06-13,타스만,MO,male,34.43871
2025-06-14,타스만,MO,male,47.28567
2025-06-15,타스만,MO,male,41.5377
2025-06-16,타스만,MO,male,25.6448
2025-06-17,타스만,MO,male,24.6868
2025-06-18,타스만,MO,male,24.53942
2025-06-19,타스만,MO,male,25.35003
2025-06-20,타스만,MO,male,88.40579
2025-06-21,타스만,MO,male,92.70449
2025-06-22,타스만,MO,male,59.81331
2025-06-23,타스만,MO,male,37.14075
2025-06-24,타스만,MO,male,36.94423
2025-06-25,타스만,MO,male,31.58929
2025-06-26,타스만,MO,male,29.64873
2025-06-27,타스만,MO,male,30.2137
2025-06-28,타스만,MO,male,42.66764
2025-06-29,타스만,MO,male,54.65487
2025-06-30,타스만,MO,male,32.6701
2025-07-01,타스만,MO,male,30.92606
2025-07-02,타스만,MO,male,30.28739
2025-07-03,타스만,MO,male,25.79218
2025-07-04,타스만,MO,male,41.04642
2025-07-05,타스만,MO,male,50.11053
2025-07-06,타스만,MO,male,57.79906
2025-07-07,타스만,MO,male,39.15499
2025-07-08,타스만,MO,male,30.41021
2025-07-09,타스만,MO,male,30.16457
2025-07-10,타스만,MO,male,29.25571
2025-07-11,타스만,MO,male,34.43871
2025-07-12,타스만,MO,male,43.69933
2025-07-13,타스만,MO,male,38.07418
2025-07-14,타스만,MO,male,24.44116
2025-07-15,타스만,MO,male,24.95701
2025-07-16,타스만,MO,male,22.15671
2025-07-17,타스만,MO,male,20.85482
2025-07-18,타스만,MO,male,24.6868
2025-07-19,타스만,MO,male,38.49177
2025-07-20,타스만,MO,male,36.33014
2025-07-21,타스만,MO,male,21.39523
2025-07-22,타스만,MO,male,22.13215
2025-07-23,타스만,MO,male,22.10759
2025-07-24,타스만,MO,male,22.69712
2025-07-25,타스만,MO,male,23.85163
2025-07-26,타스만,MO,male,32.76836
2025-07-27,타스만,MO,male,31.58929
2025-07-28,타스만,MO,male,22.72169
2025-07-29,타스만,MO,male,23.23753
2025-07-30,타스만,MO,male,25.74306
2025-07-31,타스만,MO,male,24.66224
2025-08-01,타스만,MO,male,31.26995
2025-08-02,타스만,MO,male,36.60034
2025-08-03,타스만,MO,male,34.34045
2025-08-04,타스만,MO,male,23.33578
2025-08-05,타스만,MO,male,23.87619
2025-08-06,타스만,MO,male,23.40948
2025-08-07,타스만,MO,male,23.09014
2025-08-08,타스만,MO,male,26.20977
2025-08-09,타스만,MO,male,36.82141
2025-08-10,타스만,MO,male,33.16138
2025-08-11,타스만,MO,male,24.02358
2025-08-12,타스만,MO,male,22.52517
2025-08-13,타스만,MO,male,24.34291
2025-08-14,타스만,MO,male,24.22009
2025-08-15,타스만,MO,male,35.86342
2025-08-16,타스만,MO,male,35.20019
2025-08-17,타스만,MO,male,32.08056
2025-08-18,타스만,MO,male,22.99189
2025-08-19,타스만,MO,male,23.21296
2025-08-20,타스만,MO,male,21.71456
2025-08-21,타스만,MO,male,24.19552
2025-08-22,타스만,MO,male,23.63055
2025-08-23,타스만,MO,male,35.07737
2025-08-24,타스만,MO,male,32.9403
2025-08-25,타스만,MO,male,21.49349
2025-08-26,타스만,MO,male,21.83738
2025-08-27,타스만,MO,male,25.79218
2025-08-28,타스만,MO,male,25.86588
2025-08-29,타스만,MO,male,23.60599
2025-08-30,타스만,MO,male,34.2422
2025-08-31,타스만,MO,male,30.38565
2025-09-01,타스만,MO,male,19.87226
2025-09-02,타스만,MO,male,22.54974
2025-09-03,타스만,MO,male,19.40555
2025-09-04,타스만,MO,male,19.65119
2025-09-05,타스만,MO,male,20.01965
2025-09-06,타스만,MO,male,29.08376
2025-09-07,타스만,MO,male,27.26602
2025-09-08,타스만,MO,male,19.38098
2025-09-09,타스만,MO,male,16.87546
2025-09-10,타스만,MO,male,18.93883
2025-09-11,타스만,MO,male,17.46499
2025-09-12,타스만,MO,male,22.25497
2025-09-13,타스만,MO,male,27.90469
2025-09-14,타스만,MO,male,29.50135
2025-09-15,타스만,MO,male,21.54261
2025-09-16,타스만,MO,male,20.14247
2025-09-17,타스만,MO,male,18.93883
2025-09-18,타스만,MO,male,18.6195
2025-09-19,타스만,MO,male,18.69319
2025-09-20,타스만,MO,male,25.96413
2025-09-21,타스만,MO,male,29.28027
2025-09-22,타스만,MO,male,16.75264
2025-09-23,타스만,MO,male,16.80176
2025-09-24,타스만,MO,male,18.0054
2025-09-25,타스만,MO,male,19.47924
2025-09-26,타스만,MO,male,25.07983
2025-09-27,타스만,MO,male,29.08376
2025-09-28,타스만,MO,male,25.62024
2025-09-29,타스만,MO,male,20.36354
2025-09-30,타스만,MO,male,19.28273
2025-10-01,타스만,MO,male,18.25104
2025-10-02,타스만,MO,male,20.58462
2025-10-03,타스만,MO,male,28.39597
2025-10-04,타스만,MO,male,32.3262
2025-10-05,타스만,MO,male,33.06312
2025-10-06,타스만,MO,male,41.46401
2025-10-07,타스만,MO,male,34.73348
2025-10-08,타스만,MO,male,31.29452
2025-10-09,타스만,MO,male,23.38491
2025-10-10,타스만,MO,male,20.85482
2025-10-11,타스만,MO,male,30.75411
2025-10-12,타스만,MO,male,28.73986
2025-10-13,타스만,MO,male,21.64087
2025-10-14,타스만,MO,male,19.74944
2025-10-15,타스만,MO,male,20.24072
2025-10-16,타스만,MO,male,16.85089
2025-10-17,타스만,MO,male,19.13534
2025-10-18,타스만,MO,male,24.63768
2025-10-19,타스만,MO,male,29.25571
2025-10-20,타스만,MO,male,20.41267
2025-10-21,타스만,MO,male,19.65119
2025-10-22,타스만,MO,male,20.33898
2025-10-23,타스만,MO,male,21.66543
2025-10-24,타스만,MO,male,21.02677
2025-10-25,타스만,MO,male,25.32547
2025-10-26,타스만,MO,male,26.99582
2025-10-27,타스만,MO,male,23.06558
2025-10-28,타스만,MO,male,24.71137
2025-10-29,타스만,MO,male,22.05846
2025-10-30,타스만,MO,male,21.71456
2025-10-31,타스만,MO,male,20.75657
2025-01-02,봉고3EV,MO,male,0.07369
2025-01-03,봉고3EV,MO,male,0.07369
2025-01-04,봉고3EV,MO,male,0.19651
2025-01-05,봉고3EV,MO,male,0.04912
2025-01-06,봉고3EV,MO,male,0.07369
2025-01-07,봉고3EV,MO,male,0.09825
2025-01-08,봉고3EV,MO,male,0.04912
2025-01-09,봉고3EV,MO,male,0.04912
2025-01-10,봉고3EV,MO,male,0.07369
2025-01-11,봉고3EV,MO,male,0.02456
2025-01-12,봉고3EV,MO,male,0.04912
2025-01-13,봉고3EV,MO,male,0.04912
2025-01-14,봉고3EV,MO,male,0.14738
2025-01-15,봉고3EV,MO,male,0.22107
2025-01-16,봉고3EV,MO,male,0.14738
2025-01-17,봉고3EV,MO,male,0.02456
2025-01-18,봉고3EV,MO,male,0.02456
2025-01-19,봉고3EV,MO,male,0.07369
2025-01-20,봉고3EV,MO,male,0.07369
2025-01-21,봉고3EV,MO,male,0.02456
2025-01-22,봉고3EV,MO,male,0.24563
2025-01-23,봉고3EV,MO,male,0.14738
2025-01-24,봉고3EV,MO,male,0.07369
2025-01-25,봉고3EV,MO,male,0.04912
2025-01-26,봉고3EV,MO,male,0.07369
2025-01-27,봉고3EV,MO,male,0.02456
2025-01-28,봉고3EV,MO,male,0.02456
2025-01-29,봉고3EV,MO,male,0.09825
2025-01-30,봉고3EV,MO,male,0.04912
2025-01-31,봉고3EV,MO,male,0.19651
2025-02-01,봉고3EV,MO,male,0.12281
2025-02-02,봉고3EV,MO,male,0.07369
2025-02-03,봉고3EV,MO,male,0.09825
2025-02-04,봉고3EV,MO,male,0.14738
2025-02-05,봉고3EV,MO,male,0.09825
2025-02-06,봉고3EV,MO,male,0.14738
2025-02-07,봉고3EV,MO,male,0.29476
2025-02-08,봉고3EV,MO,male,0.09825
2025-02-09,봉고3EV,MO,male,0.22107
2025-02-10,봉고3EV,MO,male,0.19651
2025-02-11,봉고3EV,MO,male,0.17194
2025-02-12,봉고3EV,MO,male,0.07369
2025-02-13,봉고3EV,MO,male,0.09825
2025-02-14,봉고3EV,MO,male,0.14738
2025-02-15,봉고3EV,MO,male,0.17194
2025-02-16,봉고3EV,MO,male,0.12281
2025-02-17,봉고3EV,MO,male,0.19651
2025-02-18,봉고3EV,MO,male,0.19651
2025-02-19,봉고3EV,MO,male,0.12281
2025-02-20,봉고3EV,MO,male,0.09825
2025-02-21,봉고3EV,MO,male,0.07369
2025-02-22,봉고3EV,MO,male,0.07369
2025-02-23,봉고3EV,MO,male,0.07369
2025-02-24,봉고3EV,MO,male,0.09825
2025-02-25,봉고3EV,MO,male,0.12281
2025-02-26,봉고3EV,MO,male,0.12281
2025-02-27,봉고3EV,MO,male,0.12281
2025-02-28,봉고3EV,MO,male,0.17194
2025-03-02,봉고3EV,MO,male,0.07369
2025-03-03,봉고3EV,MO,male,0.09825
2025-03-04,봉고3EV,MO,male,0.09825
2025-03-05,봉고3EV,MO,male,0.19651
2025-03-06,봉고3EV,MO,male,0.29476
2025-03-07,봉고3EV,MO,male,0.22107
2025-03-08,봉고3EV,MO,male,0.17194
2025-03-09,봉고3EV,MO,male,0.09825
2025-03-10,봉고3EV,MO,male,0.04912
2025-03-11,봉고3EV,MO,male,0.07369
2025-03-12,봉고3EV,MO,male,0.04912
2025-03-13,봉고3EV,MO,male,0.19651
2025-03-14,봉고3EV,MO,male,0.14738
2025-03-15,봉고3EV,MO,male,0.09825
2025-03-16,봉고3EV,MO,male,0.09825
2025-03-17,봉고3EV,MO,male,0.12281
2025-03-18,봉고3EV,MO,male,0.09825
2025-03-19,봉고3EV,MO,male,0.17194
2025-03-20,봉고3EV,MO,male,0.19651
2025-03-21,봉고3EV,MO,male,0.17194
2025-03-22,봉고3EV,MO,male,0.07369
2025-03-23,봉고3EV,MO,male,0.19651
2025-03-24,봉고3EV,MO,male,0.09825
2025-03-25,봉고3EV,MO,male,0.09825
2025-03-26,봉고3EV,MO,male,0.14738
2025-03-27,봉고3EV,MO,male,0.12281
2025-03-28,봉고3EV,MO,male,0.07369
2025-03-29,봉고3EV,MO,male,0.14738
2025-03-30,봉고3EV,MO,male,0.09825
2025-03-31,봉고3EV,MO,male,0.12281
2025-04-01,봉고3EV,MO,male,0.07369
2025-04-02,봉고3EV,MO,male,0.12281
2025-04-03,봉고3EV,MO,male,0.14738
2025-04-04,봉고3EV,MO,male,0.04912
2025-04-05,봉고3EV,MO,male,0.07369
2025-04-06,봉고3EV,MO,male,0.02456
2025-04-07,봉고3EV,MO,male,0.02456
2025-04-08,봉고3EV,MO,male,0.09825
2025-04-09,봉고3EV,MO,male,0.09825
2025-04-10,봉고3EV,MO,male,0.12281
2025-04-11,봉고3EV,MO,male,0.07369
2025-04-12,봉고3EV,MO,male,0.09825
2025-04-13,봉고3EV,MO,male,0.09825
2025-04-14,봉고3EV,MO,male,0.24563
2025-04-15,봉고3EV,MO,male,0.07369
2025-04-16,봉고3EV,MO,male,0.14738
2025-04-17,봉고3EV,MO,male,0.17194
2025-04-18,봉고3EV,MO,male,0.19651
2025-04-19,봉고3EV,MO,male,0.12281
2025-04-20,봉고3EV,MO,male,0.14738
2025-04-21,봉고3EV,MO,male,0.14738
2025-04-22,봉고3EV,MO,male,0.24563
2025-04-23,봉고3EV,MO,male,0.24563
2025-04-24,봉고3EV,MO,male,0.17194
2025-04-25,봉고3EV,MO,male,0.04912
2025-04-26,봉고3EV,MO,male,0.17194
2025-04-27,봉고3EV,MO,male,0.02456
2025-04-28,봉고3EV,MO,male,0.31933
2025-04-29,봉고3EV,MO,male,0.09825
2025-04-30,봉고3EV,MO,male,0.12281
2025-05-01,봉고3EV,MO,male,0.04912
2025-05-02,봉고3EV,MO,male,0.14738
2025-05-03,봉고3EV,MO,male,0.09825
2025-05-04,봉고3EV,MO,male,0.12281
2025-05-05,봉고3EV,MO,male,0.02456
2025-05-06,봉고3EV,MO,male,0.14738
2025-05-07,봉고3EV,MO,male,0.17194
2025-05-08,봉고3EV,MO,male,0.07369
2025-05-09,봉고3EV,MO,male,0.04912
2025-05-10,봉고3EV,MO,male,0.07369
2025-05-11,봉고3EV,MO,male,0.07369
2025-05-12,봉고3EV,MO,male,0.24563
2025-05-13,봉고3EV,MO,male,0.09825
2025-05-14,봉고3EV,MO,male,0.17194
2025-05-15,봉고3EV,MO,male,0.04912
2025-05-16,봉고3EV,MO,male,0.22107
2025-05-17,봉고3EV,MO,male,0.12281
2025-05-18,봉고3EV,MO,male,0.14738
2025-05-19,봉고3EV,MO,male,0.07369
2025-05-20,봉고3EV,MO,male,0.24563
2025-05-21,봉고3EV,MO,male,0.29476
2025-05-22,봉고3EV,MO,male,0.24563
2025-05-23,봉고3EV,MO,male,0.07369
2025-05-24,봉고3EV,MO,male,0.07369
2025-05-25,봉고3EV,MO,male,0.07369
2025-05-26,봉고3EV,MO,male,0.09825
2025-05-27,봉고3EV,MO,male,0.12281
2025-05-28,봉고3EV,MO,male,0.22107
2025-05-29,봉고3EV,MO,male,0.09825
2025-05-30,봉고3EV,MO,male,0.12281
2025-05-31,봉고3EV,MO,male,0.09825
2025-06-01,봉고3EV,MO,male,0.04912
2025-06-02,봉고3EV,MO,male,0.07369
2025-06-03,봉고3EV,MO,male,0.12281
2025-06-04,봉고3EV,MO,male,0.17194
2025-06-05,봉고3EV,MO,male,0.22107
2025-06-06,봉고3EV,MO,male,0.12281
2025-06-07,봉고3EV,MO,male,0.09825
2025-06-08,봉고3EV,MO,male,0.04912
2025-06-09,봉고3EV,MO,male,0.12281
2025-06-10,봉고3EV,MO,male,0.09825
2025-06-11,봉고3EV,MO,male,0.07369
2025-06-12,봉고3EV,MO,male,0.04912
2025-06-13,봉고3EV,MO,male,0.19651
2025-06-14,봉고3EV,MO,male,0.04912
2025-06-15,봉고3EV,MO,male,0.07369
2025-06-16,봉고3EV,MO,male,0.09825
2025-06-17,봉고3EV,MO,male,0.12281
2025-06-18,봉고3EV,MO,male,0.14738
2025-06-19,봉고3EV,MO,male,0.14738
2025-06-20,봉고3EV,MO,male,0.22107
2025-06-21,봉고3EV,MO,male,0.02456
2025-06-22,봉고3EV,MO,male,0.09825
2025-06-23,봉고3EV,MO,male,0.17194
2025-06-24,봉고3EV,MO,male,0.22107
2025-06-25,봉고3EV,MO,male,0.19651
2025-06-26,봉고3EV,MO,male,0.12281
2025-06-27,봉고3EV,MO,male,0.17194
2025-06-28,봉고3EV,MO,male,0.07369
2025-06-29,봉고3EV,MO,male,0.07369
2025-06-30,봉고3EV,MO,male,0.09825
2025-07-01,봉고3EV,MO,male,0.12281
2025-07-02,봉고3EV,MO,male,0.2702
2025-07-03,봉고3EV,MO,male,0.22107
2025-07-04,봉고3EV,MO,male,0.12281
2025-07-05,봉고3EV,MO,male,0.04912
2025-07-06,봉고3EV,MO,male,0.07369
2025-07-07,봉고3EV,MO,male,0.09825
2025-07-08,봉고3EV,MO,male,0.19651
2025-07-09,봉고3EV,MO,male,0.14738
2025-07-10,봉고3EV,MO,male,0.29476
2025-07-11,봉고3EV,MO,male,0.2702
2025-07-12,봉고3EV,MO,male,0.09825
2025-07-13,봉고3EV,MO,male,0.22107
2025-07-14,봉고3EV,MO,male,0.02456
2025-07-15,봉고3EV,MO,male,0.07369
2025-07-16,봉고3EV,MO,male,0.09825
2025-07-18,봉고3EV,MO,male,0.12281
2025-07-19,봉고3EV,MO,male,0.19651
2025-07-20,봉고3EV,MO,male,0.14738
2025-07-21,봉고3EV,MO,male,0.19651
2025-07-22,봉고3EV,MO,male,0.12281
2025-07-23,봉고3EV,MO,male,0.14738
2025-07-24,봉고3EV,MO,male,0.17194
2025-07-25,봉고3EV,MO,male,0.09825
2025-07-26,봉고3EV,MO,male,0.07369
2025-07-27,봉고3EV,MO,male,0.09825
2025-07-28,봉고3EV,MO,male,0.07369
2025-07-29,봉고3EV,MO,male,0.12281
2025-07-30,봉고3EV,MO,male,0.14738
2025-07-31,봉고3EV,MO,male,0.12281
2025-08-01,봉고3EV,MO,male,0.22107
2025-08-02,봉고3EV,MO,male,0.17194
2025-08-03,봉고3EV,MO,male,0.07369
2025-08-04,봉고3EV,MO,male,0.12281
2025-08-05,봉고3EV,MO,male,0.22107
2025-08-06,봉고3EV,MO,male,0.12281
2025-08-07,봉고3EV,MO,male,0.22107
2025-08-08,봉고3EV,MO,male,0.07369
2025-08-09,봉고3EV,MO,male,0.14738
2025-08-10,봉고3EV,MO,male,0.04912
2025-08-11,봉고3EV,MO,male,0.12281
2025-08-12,봉고3EV,MO,male,0.09825
2025-08-13,봉고3EV,MO,male,0.17194
2025-08-14,봉고3EV,MO,male,0.22107
2025-08-15,봉고3EV,MO,male,0.09825
2025-08-16,봉고3EV,MO,male,0.09825
2025-08-17,봉고3EV,MO,male,0.09825
2025-08-18,봉고3EV,MO,male,0.14738
2025-08-19,봉고3EV,MO,male,0.14738
2025-08-20,봉고3EV,MO,male,0.14738
2025-08-21,봉고3EV,MO,male,0.09825
2025-08-22,봉고3EV,MO,male,0.19651
2025-08-23,봉고3EV,MO,male,0.14738
2025-08-24,봉고3EV,MO,male,0.07369
2025-08-25,봉고3EV,MO,male,0.12281
2025-08-26,봉고3EV,MO,male,0.17194
2025-08-27,봉고3EV,MO,male,0.14738
2025-08-28,봉고3EV,MO,male,0.02456
2025-08-29,봉고3EV,MO,male,0.12281
2025-08-30,봉고3EV,MO,male,0.12281
2025-08-31,봉고3EV,MO,male,0.19651
2025-09-01,봉고3EV,MO,male,0.17194
2025-09-02,봉고3EV,MO,male,0.12281
2025-09-03,봉고3EV,MO,male,0.14738
2025-09-04,봉고3EV,MO,male,0.12281
2025-09-05,봉고3EV,MO,male,0.07369
2025-09-06,봉고3EV,MO,male,0.12281
2025-09-07,봉고3EV,MO,male,0.07369
2025-09-08,봉고3EV,MO,male,0.07369
2025-09-09,봉고3EV,MO,male,0.07369
2025-09-10,봉고3EV,MO,male,0.12281
2025-09-11,봉고3EV,MO,male,0.04912
2025-09-12,봉고3EV,MO,male,0.12281
2025-09-13,봉고3EV,MO,male,0.17194
2025-09-14,봉고3EV,MO,male,0.07369
2025-09-15,봉고3EV,MO,male,0.19651
2025-09-16,봉고3EV,MO,male,0.12281
2025-09-17,봉고3EV,MO,male,0.09825
2025-09-18,봉고3EV,MO,male,0.09825
2025-09-19,봉고3EV,MO,male,0.17194
2025-09-20,봉고3EV,MO,male,0.07369
2025-09-21,봉고3EV,MO,male,0.09825
2025-09-22,봉고3EV,MO,male,0.22107
2025-09-23,봉고3EV,MO,male,0.02456
2025-09-24,봉고3EV,MO,male,0.14738
2025-09-25,봉고3EV,MO,male,0.09825
2025-09-26,봉고3EV,MO,male,0.07369
2025-09-27,봉고3EV,MO,male,0.17194
2025-09-28,봉고3EV,MO,male,0.14738
2025-09-29,봉고3EV,MO,male,0.14738
2025-09-30,봉고3EV,MO,male,0.12281
2025-10-01,봉고3EV,MO,male,0.09825
2025-10-02,봉고3EV,MO,male,0.14738
2025-10-04,봉고3EV,MO,male,0.12281
2025-10-05,봉고3EV,MO,male,0.04912
2025-10-06,봉고3EV,MO,male,0.07369
2025-10-07,봉고3EV,MO,male,0.09825
2025-10-08,봉고3EV,MO,male,0.07369
2025-10-09,봉고3EV,MO,male,0.04912
2025-10-10,봉고3EV,MO,male,0.22107
2025-10-11,봉고3EV,MO,male,0.07369
2025-10-12,봉고3EV,MO,male,0.14738
2025-10-13,봉고3EV,MO,male,0.04912
2025-10-14,봉고3EV,MO,male,0.14738
2025-10-15,봉고3EV,MO,male,0.12281
2025-10-16,봉고3EV,MO,male,0.07369
2025-10-17,봉고3EV,MO,male,0.02456
2025-10-18,봉고3EV,MO,male,0.09825
2025-10-21,봉고3EV,MO,male,0.04912
2025-10-22,봉고3EV,MO,male,0.12281
2025-10-23,봉고3EV,MO,male,0.12281
2025-10-24,봉고3EV,MO,male,0.09825
2025-10-25,봉고3EV,MO,male,0.12281
2025-10-26,봉고3EV,MO,male,0.02456
2025-10-27,봉고3EV,MO,male,0.07369
2025-10-28,봉고3EV,MO,male,0.14738
2025-10-29,봉고3EV,MO,male,0.2702
2025-10-30,봉고3EV,MO,male,0.24563
2025-10-31,봉고3EV,MO,male,0.14738
2025-01-01,PV5,MO,male,0.90886
2025-01-02,PV5,MO,male,0.61409
2025-01-03,PV5,MO,male,1.08081
2025-01-04,PV5,MO,male,0.85973
2025-01-05,PV5,MO,male,0.85973
2025-01-06,PV5,MO,male,0.98255
2025-01-07,PV5,MO,male,1.05625
2025-01-08,PV5,MO,male,1.57209
2025-01-09,PV5,MO,male,1.27732
2025-01-10,PV5,MO,male,1.59665
2025-01-11,PV5,MO,male,1.7686
2025-01-12,PV5,MO,male,1.52296
2025-01-13,PV5,MO,male,1.17907
2025-01-14,PV5,MO,male,1.54753
2025-01-15,PV5,MO,male,1.17907
2025-01-16,PV5,MO,male,1.00712
2025-01-17,PV5,MO,male,1.00712
2025-01-18,PV5,MO,male,1.30189
2025-01-19,PV5,MO,male,1.20363
2025-01-20,PV5,MO,male,1.40014
2025-01-21,PV5,MO,male,1.27732
2025-01-22,PV5,MO,male,0.90886
2025-01-23,PV5,MO,male,0.58953
2025-01-24,PV5,MO,male,1.10537
2025-01-25,PV5,MO,male,1.35101
2025-01-26,PV5,MO,male,1.30189
2025-01-27,PV5,MO,male,1.32645
2025-01-28,PV5,MO,male,1.37558
2025-01-29,PV5,MO,male,1.62122
2025-01-30,PV5,MO,male,1.37558
2025-01-31,PV5,MO,male,1.17907
2025-02-01,PV5,MO,male,1.71947
2025-02-02,PV5,MO,male,1.25276
2025-02-03,PV5,MO,male,0.98255
2025-02-04,PV5,MO,male,1.35101
2025-02-05,PV5,MO,male,0.76148
2025-02-06,PV5,MO,male,0.8843
2025-02-07,PV5,MO,male,0.73691
2025-02-08,PV5,MO,male,1.12994
2025-02-09,PV5,MO,male,1.40014
2025-02-10,PV5,MO,male,1.22819
2025-02-11,PV5,MO,male,0.95799
2025-02-12,PV5,MO,male,1.05625
2025-02-13,PV5,MO,male,1.22819
2025-02-14,PV5,MO,male,1.44927
2025-02-15,PV5,MO,male,2.82485
2025-02-16,PV5,MO,male,2.55465
2025-02-17,PV5,MO,male,2.84942
2025-02-18,PV5,MO,male,1.69491
2025-02-19,PV5,MO,male,1.42471
2025-02-20,PV5,MO,male,4.225
2025-02-21,PV5,MO,male,4.10218
2025-02-22,PV5,MO,male,3.63547
2025-02-23,PV5,MO,male,2.53009
2025-02-24,PV5,MO,male,2.43183
2025-02-25,PV5,MO,male,1.79317
2025-02-26,PV5,MO,male,1.96511
2025-02-27,PV5,MO,male,4.98648
2025-02-28,PV5,MO,male,6.31294
2025-03-01,PV5,MO,male,5.69884
2025-03-02,PV5,MO,male,4.225
2025-03-03,PV5,MO,male,3.48808
2025-03-04,PV5,MO,male,2.33357
2025-03-05,PV5,MO,male,2.06337
2025-03-06,PV5,MO,male,2.40727
2025-03-07,PV5,MO,male,1.91599
2025-03-08,PV5,MO,male,2.7266
2025-03-09,PV5,MO,male,2.28445
2025-03-10,PV5,MO,male,1.86686
2025-03-11,PV5,MO,male,1.71947
2025-03-12,PV5,MO,male,1.40014
2025-03-13,PV5,MO,male,1.37558
2025-03-14,PV5,MO,male,1.67035
2025-03-15,PV5,MO,male,2.08793
2025-03-16,PV5,MO,male,2.94767
2025-03-17,PV5,MO,male,2.08793
2025-03-18,PV5,MO,male,2.89855
2025-03-19,PV5,MO,male,2.33357
2025-03-20,PV5,MO,male,2.48096
2025-03-21,PV5,MO,male,2.23532
2025-03-22,PV5,MO,male,3.43895
2025-03-23,PV5,MO,male,3.26701
2025-03-24,PV5,MO,male,1.91599
2025-03-25,PV5,MO,male,2.06337
2025-03-26,PV5,MO,male,1.94055
2025-03-27,PV5,MO,male,1.69491
2025-03-28,PV5,MO,male,1.7686
2025-03-29,PV5,MO,male,2.89855
2025-03-30,PV5,MO,male,2.87398
2025-03-31,PV5,MO,male,1.59665
2025-04-01,PV5,MO,male,1.94055
2025-04-02,PV5,MO,male,2.30901
2025-04-03,PV5,MO,male,5.84622
2025-04-04,PV5,MO,male,12.60132
2025-04-05,PV5,MO,male,12.69958
2025-04-06,PV5,MO,male,10.12036
2025-04-07,PV5,MO,male,8.62196
2025-04-08,PV5,MO,male,10.95553
2025-04-09,PV5,MO,male,6.80422
2025-04-10,PV5,MO,male,6.63227
2025-04-11,PV5,MO,male,5.01105
2025-04-12,PV5,MO,male,10.43969
2025-04-13,PV5,MO,male,7.34463
2025-04-14,PV5,MO,male,4.24957
2025-04-15,PV5,MO,male,5.28125
2025-04-16,PV5,MO,male,5.25669
2025-04-17,PV5,MO,male,4.05305
2025-04-18,PV5,MO,male,3.63547
2025-04-19,PV5,MO,male,4.10218
2025-04-20,PV5,MO,male,4.47064
2025-04-21,PV5,MO,male,3.46352
2025-04-22,PV5,MO,male,3.51265
2025-04-23,PV5,MO,male,3.73372
2025-04-24,PV5,MO,male,2.7266
2025-04-25,PV5,MO,male,2.62834
2025-04-26,PV5,MO,male,3.26701
2025-04-27,PV5,MO,male,3.14419
2025-04-28,PV5,MO,male,2.84942
2025-04-29,PV5,MO,male,2.28445
2025-04-30,PV5,MO,male,1.69491
2025-05-01,PV5,MO,male,4.15131
2025-05-02,PV5,MO,male,3.75829
2025-05-03,PV5,MO,male,3.88111
2025-05-04,PV5,MO,male,3.68459
2025-05-05,PV5,MO,male,6.04274
2025-05-06,PV5,MO,male,3.75829
2025-05-07,PV5,MO,male,2.67747
2025-05-08,PV5,MO,male,2.82485
2025-05-09,PV5,MO,male,4.17587
2025-05-10,PV5,MO,male,3.58634
2025-05-11,PV5,MO,male,3.14419
2025-05-12,PV5,MO,male,2.67747
2025-05-13,PV5,MO,male,2.87398
2025-05-14,PV5,MO,male,3.51265
2025-05-15,PV5,MO,male,2.89855
2025-05-16,PV5,MO,male,3.11962
2025-05-17,PV5,MO,male,4.00393
2025-05-18,PV5,MO,male,3.58634
2025-05-19,PV5,MO,male,2.9968
2025-05-20,PV5,MO,male,6.70596
2025-05-21,PV5,MO,male,3.93023
2025-05-22,PV5,MO,male,4.86366
2025-05-23,PV5,MO,male,5.1093
2025-05-24,PV5,MO,male,4.39695
2025-05-25,PV5,MO,male,5.30582
2025-05-26,PV5,MO,male,3.68459
2025-05-27,PV5,MO,male,5.55146
2025-05-28,PV5,MO,male,3.43895
2025-05-29,PV5,MO,male,4.59346
2025-05-30,PV5,MO,male,4.51977
2025-05-31,PV5,MO,male,4.59346
2025-06-01,PV5,MO,male,5.35494
2025-06-02,PV5,MO,male,4.96192
2025-06-03,PV5,MO,male,5.50233
2025-06-04,PV5,MO,male,5.01105
2025-06-05,PV5,MO,male,6.31294
2025-06-06,PV5,MO,male,7.59027
2025-06-07,PV5,MO,male,7.14812
2025-06-08,PV5,MO,male,6.6814
2025-06-09,PV5,MO,male,12.03635
2025-06-10,PV5,MO,male,36.10906
2025-06-11,PV5,MO,male,40.84991
2025-06-12,PV5,MO,male,48.24367
2025-06-13,PV5,MO,male,40.3095
2025-06-14,PV5,MO,male,44.41169
2025-06-15,PV5,MO,male,63.94006
2025-06-16,PV5,MO,male,31.31908
2025-06-17,PV5,MO,male,28.24858
2025-06-18,PV5,MO,male,27.43797
2025-06-19,PV5,MO,male,22.52517
2025-06-20,PV5,MO,male,25.20265
2025-06-21,PV5,MO,male,33.5544
2025-06-22,PV5,MO,male,39.32694
2025-06-23,PV5,MO,male,24.36747
2025-06-24,PV5,MO,male,19.03709
2025-06-25,PV5,MO,male,21.24785
2025-06-26,PV5,MO,male,17.80889
2025-06-27,PV5,MO,male,18.32473
2025-06-28,PV5,MO,male,23.28666
2025-06-29,PV5,MO,male,24.98157
2025-06-30,PV5,MO,male,14.86121
2025-07-01,PV5,MO,male,15.08228
2025-07-02,PV5,MO,male,13.21542
2025-07-03,PV5,MO,male,14.81208
2025-07-04,PV5,MO,male,16.04028
2025-07-05,PV5,MO,male,21.93564
2025-07-06,PV5,MO,male,24.49029
2025-07-07,PV5,MO,male,19.01252
2025-07-08,PV5,MO,male,14.22254
2025-07-09,PV5,MO,male,13.58388
2025-07-10,PV5,MO,male,11.69245
2025-07-11,PV5,MO,male,12.99435
2025-07-12,PV5,MO,male,17.21935
2025-07-13,PV5,MO,male,16.97371
2025-07-14,PV5,MO,male,12.74871
2025-07-15,PV5,MO,male,11.5942
2025-07-16,PV5,MO,male,12.03635
2025-07-17,PV5,MO,male,10.0221
2025-07-18,PV5,MO,male,12.06091
2025-07-19,PV5,MO,male,16.11397
2025-07-20,PV5,MO,male,17.41586
2025-07-21,PV5,MO,male,11.07835
2025-07-22,PV5,MO,male,13.14173
2025-07-23,PV5,MO,male,15.45074
2025-07-24,PV5,MO,male,14.0506
2025-07-25,PV5,MO,male,12.74871
2025-07-26,PV5,MO,male,16.65438
2025-07-27,PV5,MO,male,19.30729
2025-07-28,PV5,MO,male,12.50307
2025-07-29,PV5,MO,male,12.74871
2025-07-30,PV5,MO,male,14.02603
2025-07-31,PV5,MO,male,16.70351
2025-08-01,PV5,MO,male,12.74871
2025-08-02,PV5,MO,male,12.8224
2025-08-03,PV5,MO,male,11.2503
2025-08-04,PV5,MO,male,9.50626
2025-08-05,PV5,MO,male,9.77646
2025-08-06,PV5,MO,male,9.80103
2025-08-07,PV5,MO,male,11.15205
2025-08-08,PV5,MO,male,9.50626
2025-08-09,PV5,MO,male,12.55219
2025-08-10,PV5,MO,male,10.9801
2025-08-11,PV5,MO,male,9.77646
2025-08-12,PV5,MO,male,8.72021
2025-08-13,PV5,MO,male,10.19405
2025-08-14,PV5,MO,male,13.21542
2025-08-15,PV5,MO,male,18.34929
2025-08-16,PV5,MO,male,14.73839
2025-08-17,PV5,MO,male,14.09972
2025-08-18,PV5,MO,male,12.15917
2025-08-19,PV5,MO,male,12.79783
2025-08-20,PV5,MO,male,18.05453
2025-08-21,PV5,MO,male,17.56325
2025-08-22,PV5,MO,male,17.71063
2025-08-23,PV5,MO,male,21.51805
2025-08-24,PV5,MO,male,18.74232
2025-08-25,PV5,MO,male,12.50307
2025-08-26,PV5,MO,male,12.01179
2025-08-27,PV5,MO,male,12.06091
2025-08-28,PV5,MO,male,12.69958
2025-08-29,PV5,MO,male,13.46106
2025-08-30,PV5,MO,male,16.21223
2025-08-31,PV5,MO,male,16.55612
2025-09-01,PV5,MO,male,11.27487
2025-09-02,PV5,MO,male,11.2503
2025-09-03,PV5,MO,male,12.65045
2025-09-04,PV5,MO,male,11.44681
2025-09-05,PV5,MO,male,13.53475
2025-09-06,PV5,MO,male,16.40874
2025-09-07,PV5,MO,male,13.75583
2025-09-08,PV5,MO,male,11.76615
2025-09-09,PV5,MO,male,11.29943
2025-09-10,PV5,MO,male,11.93809
2025-09-11,PV5,MO,male,13.65757
2025-09-12,PV5,MO,male,14.78752
2025-09-13,PV5,MO,male,14.27167
2025-09-14,PV5,MO,male,15.37705
2025-09-15,PV5,MO,male,13.78039
2025-09-16,PV5,MO,male,14.41906
2025-09-17,PV5,MO,male,12.74871
2025-09-18,PV5,MO,male,11.29943
2025-09-19,PV5,MO,male,11.27487
2025-09-20,PV5,MO,male,16.40874
2025-09-21,PV5,MO,male,14.95946
2025-09-22,PV5,MO,male,10.93097
2025-09-23,PV5,MO,male,10.83271
2025-09-24,PV5,MO,male,11.17661
2025-09-25,PV5,MO,male,12.03635
2025-09-26,PV5,MO,male,12.79783
2025-09-27,PV5,MO,male,14.91034
2025-09-28,PV5,MO,male,11.83984
2025-09-29,PV5,MO,male,13.06804
2025-09-30,PV5,MO,male,11.74158
2025-10-01,PV5,MO,male,10.34143
2025-10-02,PV5,MO,male,11.2503
2025-10-03,PV5,MO,male,13.53475
2025-10-04,PV5,MO,male,16.13854
2025-10-05,PV5,MO,male,19.38098
2025-10-06,PV5,MO,male,19.43011
2025-10-07,PV5,MO,male,16.31048
2025-10-08,PV5,MO,male,17.98084
2025-10-09,PV5,MO,male,19.20903
2025-10-10,PV5,MO,male,22.08302
2025-10-11,PV5,MO,male,20.14247
2025-10-12,PV5,MO,male,17.88258
2025-10-13,PV5,MO,male,12.06091
2025-10-14,PV5,MO,male,17.34217
2025-10-15,PV5,MO,male,14.19798
2025-10-16,PV5,MO,male,15.2788
2025-10-17,PV5,MO,male,18.22647
2025-10-18,PV5,MO,male,21.91107
2025-10-19,PV5,MO,male,21.56718
2025-10-20,PV5,MO,male,15.64726
2025-10-21,PV5,MO,male,15.18054
2025-10-22,PV5,MO,male,19.47924
2025-10-23,PV5,MO,male,20.87939
2025-10-24,PV5,MO,male,18.74232
2025-10-25,PV5,MO,male,22.3041
2025-10-26,PV5,MO,male,21.29697
2025-10-27,PV5,MO,male,18.74232
2025-10-28,PV5,MO,male,17.44043
2025-10-29,PV5,MO,male,16.11397
2025-10-30,PV5,MO,male,15.2051
2025-10-31,PV5,MO,male,16.31048
2025-01-01,K9,MO,male,9.85015
2025-01-02,K9,MO,male,7.39376
2025-01-03,K9,MO,male,7.95873
2025-01-04,K9,MO,male,11.10292
2025-01-05,K9,MO,male,10.56251
2025-01-06,K9,MO,male,9.11323
2025-01-07,K9,MO,male,8.62196
2025-01-08,K9,MO,male,8.32719
2025-01-09,K9,MO,male,8.84303
2025-01-10,K9,MO,male,8.8676
2025-01-11,K9,MO,male,11.66789
2025-01-12,K9,MO,male,11.71702
2025-01-13,K9,MO,male,8.67108
2025-01-14,K9,MO,male,8.30262
2025-01-15,K9,MO,male,8.20437
2025-01-16,K9,MO,male,8.5237
2025-01-17,K9,MO,male,9.67821
2025-01-18,K9,MO,male,13.16629
2025-01-19,K9,MO,male,11.32399
2025-01-20,K9,MO,male,10.12036
2025-01-21,K9,MO,male,10.31687
2025-01-22,K9,MO,male,9.28518
2025-01-23,K9,MO,male,8.81847
2025-01-24,K9,MO,male,9.57995
2025-01-25,K9,MO,male,12.42937
2025-01-26,K9,MO,male,14.76295
2025-01-27,K9,MO,male,12.33112
2025-01-28,K9,MO,male,13.06804
2025-01-29,K9,MO,male,16.99828
2025-01-30,K9,MO,male,13.53475
2025-01-31,K9,MO,male,10.70989
2025-02-01,K9,MO,male,12.06091
2025-02-02,K9,MO,male,11.00466
2025-02-03,K9,MO,male,8.99042
2025-02-04,K9,MO,male,8.76934
2025-02-05,K9,MO,male,8.54826
2025-02-06,K9,MO,male,9.60451
2025-02-07,K9,MO,male,9.70277
2025-02-08,K9,MO,male,12.92065
2025-02-09,K9,MO,male,10.68533
2025-02-10,K9,MO,male,8.35175
2025-02-11,K9,MO,male,8.99042
2025-02-12,K9,MO,male,9.97297
2025-02-13,K9,MO,male,9.38344
2025-02-14,K9,MO,male,9.30975
2025-02-15,K9,MO,male,14.591
2025-02-16,K9,MO,male,13.65757
2025-02-17,K9,MO,male,9.408
2025-02-18,K9,MO,male,9.7519
2025-02-19,K9,MO,male,9.97297
2025-02-20,K9,MO,male,9.03954
2025-02-21,K9,MO,male,10.48882
2025-02-22,K9,MO,male,13.14173
2025-02-23,K9,MO,male,11.22574
2025-02-24,K9,MO,male,9.70277
2025-02-25,K9,MO,male,9.16236
2025-02-26,K9,MO,male,8.67108
2025-02-27,K9,MO,male,11.39769
2025-02-28,K9,MO,male,10.39056
2025-03-01,K9,MO,male,15.45074
2025-03-02,K9,MO,male,14.591
2025-03-03,K9,MO,male,10.61164
2025-03-04,K9,MO,male,7.98329
2025-03-05,K9,MO,male,7.71309
2025-03-06,K9,MO,male,8.08155
2025-03-07,K9,MO,male,9.28518
2025-03-08,K9,MO,male,13.53475
2025-03-09,K9,MO,male,11.64333
2025-03-10,K9,MO,male,7.98329
2025-03-11,K9,MO,male,7.68852
2025-03-12,K9,MO,male,8.7939
2025-03-13,K9,MO,male,9.21149
2025-03-14,K9,MO,male,9.26062
2025-03-15,K9,MO,male,11.5942
2025-03-16,K9,MO,male,9.87472
2025-03-17,K9,MO,male,8.57283
2025-03-18,K9,MO,male,7.51658
2025-03-19,K9,MO,male,8.54826
2025-03-20,K9,MO,male,8.96585
2025-03-21,K9,MO,male,9.18693
2025-03-22,K9,MO,male,13.14173
2025-03-23,K9,MO,male,11.56963
2025-03-24,K9,MO,male,19.11078
2025-03-25,K9,MO,male,19.28273
2025-03-26,K9,MO,male,9.62908
2025-03-27,K9,MO,male,9.408
2025-03-28,K9,MO,male,8.89216
2025-03-29,K9,MO,male,11.02923
2025-03-30,K9,MO,male,12.77327
2025-03-31,K9,MO,male,8.22893
2025-04-01,K9,MO,male,7.86047
2025-04-02,K9,MO,male,9.03954
2025-04-03,K9,MO,male,8.76934
2025-04-04,K9,MO,male,9.33431
2025-04-05,K9,MO,male,11.88897
2025-04-06,K9,MO,male,11.17661
2025-04-07,K9,MO,male,8.94129
2025-04-08,K9,MO,male,7.83591
2025-04-09,K9,MO,male,8.62196
2025-04-10,K9,MO,male,8.40088
2025-04-11,K9,MO,male,9.33431
2025-04-12,K9,MO,male,12.69958
2025-04-13,K9,MO,male,10.83271
2025-04-14,K9,MO,male,7.71309
2025-04-15,K9,MO,male,8.10611
2025-04-16,K9,MO,male,8.76934
2025-04-17,K9,MO,male,9.11323
2025-04-18,K9,MO,male,8.45001
2025-04-19,K9,MO,male,10.73446
2025-04-20,K9,MO,male,11.20117
2025-04-21,K9,MO,male,6.97617
2025-04-22,K9,MO,male,6.97617
2025-04-23,K9,MO,male,8.62196
2025-04-24,K9,MO,male,8.8676
2025-04-25,K9,MO,male,9.77646
2025-04-26,K9,MO,male,11.93809
2025-04-27,K9,MO,male,10.53795
2025-04-28,K9,MO,male,8.30262
2025-04-29,K9,MO,male,8.30262
2025-04-30,K9,MO,male,7.54114
2025-05-01,K9,MO,male,8.81847
2025-05-02,K9,MO,male,9.18693
2025-05-03,K9,MO,male,13.31368
2025-05-04,K9,MO,male,12.94522
2025-05-05,K9,MO,male,11.76615
2025-05-06,K9,MO,male,10.24318
2025-05-07,K9,MO,male,8.54826
2025-05-08,K9,MO,male,9.82559
2025-05-09,K9,MO,male,9.03954
2025-05-10,K9,MO,male,11.42225
2025-05-11,K9,MO,male,11.76615
2025-05-12,K9,MO,male,8.84303
2025-05-13,K9,MO,male,8.99042
2025-05-14,K9,MO,male,9.89928
2025-05-15,K9,MO,male,8.05698
2025-05-16,K9,MO,male,9.60451
2025-05-17,K9,MO,male,11.47138
2025-05-18,K9,MO,male,11.66789
2025-05-19,K9,MO,male,7.71309
2025-05-20,K9,MO,male,8.57283
2025-05-21,K9,MO,male,8.15524
2025-05-22,K9,MO,male,8.8676
2025-05-23,K9,MO,male,8.2535
2025-05-24,K9,MO,male,10.43969
2025-05-25,K9,MO,male,12.06091
2025-05-26,K9,MO,male,8.32719
2025-05-27,K9,MO,male,8.40088
2025-05-28,K9,MO,male,8.49914
2025-05-29,K9,MO,male,9.48169
2025-05-30,K9,MO,male,9.08867
2025-05-31,K9,MO,male,12.87153
2025-06-01,K9,MO,male,11.52051
2025-06-02,K9,MO,male,8.03242
2025-06-03,K9,MO,male,8.84303
2025-06-04,K9,MO,male,7.46745
2025-06-05,K9,MO,male,8.35175
2025-06-06,K9,MO,male,11.61876
2025-06-07,K9,MO,male,11.42225
2025-06-08,K9,MO,male,11.5942
2025-06-09,K9,MO,male,9.08867
2025-06-10,K9,MO,male,8.99042
2025-06-11,K9,MO,male,9.33431
2025-06-12,K9,MO,male,8.8676
2025-06-13,K9,MO,male,10.46425
2025-06-14,K9,MO,male,13.73126
2025-06-15,K9,MO,male,12.40481
2025-06-16,K9,MO,male,10.07123
2025-06-17,K9,MO,male,10.6362
2025-06-18,K9,MO,male,9.03954
2025-06-19,K9,MO,male,9.55539
2025-06-20,K9,MO,male,10.07123
2025-06-21,K9,MO,male,12.38025
2025-06-22,K9,MO,male,11.47138
2025-06-23,K9,MO,male,9.01498
2025-06-24,K9,MO,male,8.81847
2025-06-25,K9,MO,male,8.94129
2025-06-26,K9,MO,male,8.72021
2025-06-27,K9,MO,male,9.72733
2025-06-28,K9,MO,male,12.65045
2025-06-29,K9,MO,male,11.52051
2025-06-30,K9,MO,male,7.88504
2025-07-01,K9,MO,male,7.78678
2025-07-02,K9,MO,male,8.76934
2025-07-03,K9,MO,male,9.35887
2025-07-04,K9,MO,male,9.21149
2025-07-05,K9,MO,male,12.06091
2025-07-06,K9,MO,male,13.46106
2025-07-07,K9,MO,male,8.47457
2025-07-08,K9,MO,male,9.57995
2025-07-09,K9,MO,male,8.22893
2025-07-10,K9,MO,male,8.47457
2025-07-11,K9,MO,male,10.41513
2025-07-12,K9,MO,male,11.8644
2025-07-13,K9,MO,male,13.11717
2025-07-14,K9,MO,male,8.67108
2025-07-15,K9,MO,male,8.94129
2025-07-16,K9,MO,male,8.42544
2025-07-17,K9,MO,male,9.48169
2025-07-18,K9,MO,male,9.30975
2025-07-19,K9,MO,male,11.44681
2025-07-20,K9,MO,male,12.72414
2025-07-21,K9,MO,male,9.89928
2025-07-22,K9,MO,male,8.40088
2025-07-23,K9,MO,male,9.99754
2025-07-24,K9,MO,male,9.43257
2025-07-25,K9,MO,male,10.0221
2025-07-26,K9,MO,male,11.20117
2025-07-27,K9,MO,male,12.28199
2025-07-28,K9,MO,male,9.53082
2025-07-29,K9,MO,male,11.00466
2025-07-30,K9,MO,male,10.14492
2025-07-31,K9,MO,male,11.27487
2025-08-01,K9,MO,male,12.52763
2025-08-02,K9,MO,male,14.17342
2025-08-03,K9,MO,male,14.19798
2025-08-04,K9,MO,male,10.31687
2025-08-05,K9,MO,male,11.32399
2025-08-06,K9,MO,male,9.57995
2025-08-07,K9,MO,male,10.90641
2025-08-08,K9,MO,male,12.03635
2025-08-09,K9,MO,male,14.41906
2025-08-10,K9,MO,male,13.0926
2025-08-11,K9,MO,male,11.32399
2025-08-12,K9,MO,male,11.17661
2025-08-13,K9,MO,male,10.73446
2025-08-14,K9,MO,male,12.13461
2025-08-15,K9,MO,male,14.34536
2025-08-16,K9,MO,male,14.24711
2025-08-17,K9,MO,male,13.87865
2025-08-18,K9,MO,male,10.51338
2025-08-19,K9,MO,male,10.09579
2025-08-20,K9,MO,male,9.11323
2025-08-21,K9,MO,male,9.33431
2025-08-22,K9,MO,male,9.94841
2025-08-23,K9,MO,male,12.62589
2025-08-24,K9,MO,male,13.14173
2025-08-25,K9,MO,male,9.21149
2025-08-26,K9,MO,male,8.8676
2025-08-27,K9,MO,male,9.38344
2025-08-28,K9,MO,male,9.01498
2025-08-29,K9,MO,male,10.9801
2025-08-30,K9,MO,male,14.49275
2025-08-31,K9,MO,male,11.98722
2025-09-01,K9,MO,male,9.18693
2025-09-02,K9,MO,male,9.50626
2025-09-03,K9,MO,male,10.51338
2025-09-04,K9,MO,male,9.99754
2025-09-05,K9,MO,male,9.85015
2025-09-06,K9,MO,male,12.25743
2025-09-07,K9,MO,male,12.99435
2025-09-08,K9,MO,male,9.21149
2025-09-09,K9,MO,male,9.55539
2025-09-10,K9,MO,male,11.00466
2025-09-11,K9,MO,male,9.77646
2025-09-12,K9,MO,male,9.01498
2025-09-13,K9,MO,male,13.68214
2025-09-14,K9,MO,male,12.35568
2025-09-15,K9,MO,male,8.84303
2025-09-16,K9,MO,male,8.20437
2025-09-17,K9,MO,male,8.74478
2025-09-18,K9,MO,male,8.47457
2025-09-19,K9,MO,male,8.62196
2025-09-20,K9,MO,male,11.76615
2025-09-21,K9,MO,male,11.71702
2025-09-22,K9,MO,male,9.18693
2025-09-23,K9,MO,male,8.40088
2025-09-24,K9,MO,male,7.81134
2025-09-25,K9,MO,male,8.40088
2025-09-26,K9,MO,male,8.5237
2025-09-27,K9,MO,male,10.53795
2025-09-28,K9,MO,male,10.56251
2025-09-29,K9,MO,male,7.95873
2025-09-30,K9,MO,male,7.59027
2025-10-01,K9,MO,male,8.81847
2025-10-02,K9,MO,male,9.45713
2025-10-03,K9,MO,male,11.02923
2025-10-04,K9,MO,male,13.9769
2025-10-05,K9,MO,male,13.80496
2025-10-06,K9,MO,male,17.90714
2025-10-07,K9,MO,male,14.81208
2025-10-08,K9,MO,male,13.46106
2025-10-09,K9,MO,male,11.42225
2025-10-10,K9,MO,male,10.46425
2025-10-11,K9,MO,male,11.8644
2025-10-12,K9,MO,male,10.6362
2025-10-13,K9,MO,male,8.22893
2025-10-14,K9,MO,male,7.36919
2025-10-15,K9,MO,male,8.30262
2025-10-16,K9,MO,male,8.13068
2025-10-17,K9,MO,male,8.67108
2025-10-18,K9,MO,male,10.41513
2025-10-19,K9,MO,male,11.2503
2025-10-20,K9,MO,male,7.04986
2025-10-21,K9,MO,male,7.22181
2025-10-22,K9,MO,male,7.6394
2025-10-23,K9,MO,male,8.49914
2025-10-24,K9,MO,male,9.7519
2025-10-25,K9,MO,male,10.66077
2025-10-26,K9,MO,male,10.78359
2025-10-27,K9,MO,male,8.03242
2025-10-28,K9,MO,male,7.54114
2025-10-29,K9,MO,male,8.30262
2025-10-30,K9,MO,male,7.83591
2025-10-31,K9,MO,male,9.67821
2025-01-01,EV9,MO,male,11.37312
2025-01-02,EV9,MO,male,8.72021
2025-01-03,EV9,MO,male,8.2535
2025-01-04,EV9,MO,male,10.78359
2025-01-05,EV9,MO,male,10.39056
2025-01-06,EV9,MO,male,8.1798
2025-01-07,EV9,MO,male,7.22181
2025-01-08,EV9,MO,male,7.66396
2025-01-09,EV9,MO,male,8.27806
2025-01-10,EV9,MO,male,8.64652
2025-01-11,EV9,MO,male,12.01179
2025-01-12,EV9,MO,male,13.75583
2025-01-13,EV9,MO,male,10.31687
2025-01-14,EV9,MO,male,8.7939
2025-01-15,EV9,MO,male,8.76934
2025-01-16,EV9,MO,male,9.82559
2025-01-17,EV9,MO,male,10.43969
2025-01-18,EV9,MO,male,15.18054
2025-01-19,EV9,MO,male,13.85408
2025-01-20,EV9,MO,male,9.48169
2025-01-21,EV9,MO,male,9.55539
2025-01-22,EV9,MO,male,9.85015
2025-01-23,EV9,MO,male,9.23605
2025-01-24,EV9,MO,male,9.33431
2025-01-25,EV9,MO,male,12.72414
2025-01-26,EV9,MO,male,13.90321
2025-01-27,EV9,MO,male,10.88184
2025-01-28,EV9,MO,male,12.03635
2025-01-29,EV9,MO,male,17.83345
2025-01-30,EV9,MO,male,13.92778
2025-01-31,EV9,MO,male,11.42225
2025-02-01,EV9,MO,male,13.01891
2025-02-02,EV9,MO,male,14.22254
2025-02-03,EV9,MO,male,12.94522
2025-02-04,EV9,MO,male,13.11717
2025-02-05,EV9,MO,male,15.10685
2025-02-06,EV9,MO,male,13.26455
2025-02-07,EV9,MO,male,13.0926
2025-02-08,EV9,MO,male,17.31761
2025-02-09,EV9,MO,male,16.7772
2025-02-10,EV9,MO,male,12.2083
2025-02-11,EV9,MO,male,11.71702
2025-02-12,EV9,MO,male,9.92385
2025-02-13,EV9,MO,male,13.85408
2025-02-14,EV9,MO,male,14.0506
2025-02-15,EV9,MO,male,18.6195
2025-02-16,EV9,MO,male,19.15991
2025-02-17,EV9,MO,male,11.81527
2025-02-18,EV9,MO,male,14.64013
2025-02-19,EV9,MO,male,14.27167
2025-02-20,EV9,MO,male,16.4333
2025-02-21,EV9,MO,male,15.25423
2025-02-22,EV9,MO,male,18.52124
2025-02-23,EV9,MO,male,20.28985
2025-02-24,EV9,MO,male,13.55932
2025-02-25,EV9,MO,male,11.00466
2025-02-26,EV9,MO,male,10.85728
2025-02-27,EV9,MO,male,13.11717
2025-02-28,EV9,MO,male,13.75583
2025-03-01,EV9,MO,male,17.68607
2025-03-02,EV9,MO,male,17.98084
2025-03-03,EV9,MO,male,16.1631
2025-03-04,EV9,MO,male,9.35887
2025-03-05,EV9,MO,male,10.80815
2025-03-06,EV9,MO,male,10.6362
2025-03-07,EV9,MO,male,11.54507
2025-03-08,EV9,MO,male,16.45787
2025-03-09,EV9,MO,male,17.07197
2025-03-10,EV9,MO,male,10.95553
2025-03-11,EV9,MO,male,11.22574
2025-03-12,EV9,MO,male,11.47138
2025-03-13,EV9,MO,male,11.2503
2025-03-14,EV9,MO,male,10.66077
2025-03-15,EV9,MO,male,18.81601
2025-03-16,EV9,MO,male,16.31048
2025-03-17,EV9,MO,male,11.29943
2025-03-18,EV9,MO,male,10.34143
2025-03-19,EV9,MO,male,9.89928
2025-03-20,EV9,MO,male,10.24318
2025-03-21,EV9,MO,male,11.91353
2025-03-22,EV9,MO,male,18.71775
2025-03-23,EV9,MO,male,15.35249
2025-03-24,EV9,MO,male,11.91353
2025-03-25,EV9,MO,male,10.53795
2025-03-26,EV9,MO,male,8.74478
2025-03-27,EV9,MO,male,9.408
2025-03-28,EV9,MO,male,11.22574
2025-03-29,EV9,MO,male,14.44362
2025-03-30,EV9,MO,male,14.34536
2025-03-31,EV9,MO,male,10.48882
2025-04-01,EV9,MO,male,8.7939
2025-04-02,EV9,MO,male,10.56251
2025-04-03,EV9,MO,male,10.39056
2025-04-04,EV9,MO,male,10.73446
2025-04-05,EV9,MO,male,16.11397
2025-04-06,EV9,MO,male,17.71063
2025-04-07,EV9,MO,male,11.02923
2025-04-08,EV9,MO,male,10.48882
2025-04-09,EV9,MO,male,12.06091
2025-04-10,EV9,MO,male,10.80815
2025-04-11,EV9,MO,male,11.49594
2025-04-12,EV9,MO,male,16.18766
2025-04-13,EV9,MO,male,16.87546
2025-04-14,EV9,MO,male,11.29943
2025-04-15,EV9,MO,male,10.09579
2025-04-16,EV9,MO,male,10.73446
2025-04-17,EV9,MO,male,11.02923
2025-04-18,EV9,MO,male,12.2083
2025-04-19,EV9,MO,male,14.64013
2025-04-20,EV9,MO,male,15.37705
2025-04-21,EV9,MO,male,11.64333
2025-04-22,EV9,MO,male,11.34856
2025-04-23,EV9,MO,male,10.09579
2025-04-24,EV9,MO,male,10.39056
2025-04-25,EV9,MO,male,11.52051
2025-04-26,EV9,MO,male,14.49275
2025-04-27,EV9,MO,male,14.17342
2025-04-28,EV9,MO,male,10.61164
2025-04-29,EV9,MO,male,9.28518
2025-04-30,EV9,MO,male,9.53082
2025-05-01,EV9,MO,male,10.46425
2025-05-02,EV9,MO,male,11.44681
2025-05-03,EV9,MO,male,16.99828
2025-05-04,EV9,MO,male,18.8897
2025-05-05,EV9,MO,male,18.05453
2025-05-06,EV9,MO,male,14.49275
2025-05-07,EV9,MO,male,11.07835
2025-05-08,EV9,MO,male,11.22574
2025-05-09,EV9,MO,male,11.17661
2025-05-10,EV9,MO,male,19.33185
2025-05-11,EV9,MO,male,15.2788
2025-05-12,EV9,MO,male,11.20117
2025-05-13,EV9,MO,male,12.8224
2025-05-14,EV9,MO,male,14.17342
2025-05-15,EV9,MO,male,11.8644
2025-05-16,EV9,MO,male,12.84696
2025-05-17,EV9,MO,male,15.52444
2025-05-18,EV9,MO,male,21.98477
2025-05-19,EV9,MO,male,15.86833
2025-05-20,EV9,MO,male,14.34536
2025-05-21,EV9,MO,male,10.53795
2025-05-22,EV9,MO,male,11.76615
2025-05-23,EV9,MO,male,11.8644
2025-05-24,EV9,MO,male,15.96659
2025-05-25,EV9,MO,male,17.14566
2025-05-26,EV9,MO,male,11.8644
2025-05-27,EV9,MO,male,12.03635
2025-05-28,EV9,MO,male,10.61164
2025-05-29,EV9,MO,male,11.8644
2025-05-30,EV9,MO,male,12.57676
2025-05-31,EV9,MO,male,17.6615
2025-06-01,EV9,MO,male,16.60525
2025-06-02,EV9,MO,male,12.2083
2025-06-03,EV9,MO,male,13.14173
2025-06-04,EV9,MO,male,10.26774
2025-06-05,EV9,MO,male,12.94522
2025-06-06,EV9,MO,male,17.09653
2025-06-07,EV9,MO,male,16.94915
2025-06-08,EV9,MO,male,17.51412
2025-06-09,EV9,MO,male,13.73126
2025-06-10,EV9,MO,male,12.87153
2025-06-11,EV9,MO,male,13.28911
2025-06-12,EV9,MO,male,12.08548
2025-06-13,EV9,MO,male,13.01891
2025-06-14,EV9,MO,male,17.29304
2025-06-15,EV9,MO,male,16.87546
2025-06-16,EV9,MO,male,13.16629
2025-06-17,EV9,MO,male,12.60132
2025-06-18,EV9,MO,male,11.66789
2025-06-19,EV9,MO,male,12.62589
2025-06-20,EV9,MO,male,12.4785
2025-06-21,EV9,MO,male,17.51412
2025-06-22,EV9,MO,male,19.65119
2025-06-23,EV9,MO,male,13.82952
2025-06-24,EV9,MO,male,13.46106
2025-06-25,EV9,MO,male,11.79071
2025-06-26,EV9,MO,male,11.83984
2025-06-27,EV9,MO,male,12.35568
2025-06-28,EV9,MO,male,16.40874
2025-06-29,EV9,MO,male,18.66863
2025-06-30,EV9,MO,male,11.98722
2025-07-01,EV9,MO,male,11.17661
2025-07-02,EV9,MO,male,11.17661
2025-07-03,EV9,MO,male,12.2083
2025-07-04,EV9,MO,male,12.60132
2025-07-05,EV9,MO,male,18.0054
2025-07-06,EV9,MO,male,18.20191
2025-07-07,EV9,MO,male,15.03316
2025-07-08,EV9,MO,male,13.23999
2025-07-09,EV9,MO,male,13.87865
2025-07-10,EV9,MO,male,13.46106
2025-07-11,EV9,MO,male,23.36035
2025-07-12,EV9,MO,male,25.71849
2025-07-13,EV9,MO,male,23.77794
2025-07-14,EV9,MO,male,14.61557
2025-07-15,EV9,MO,male,14.0506
2025-07-16,EV9,MO,male,13.73126
2025-07-17,EV9,MO,male,18.93883
2025-07-18,EV9,MO,male,32.59641
2025-07-19,EV9,MO,male,31.24539
2025-07-20,EV9,MO,male,27.63448
2025-07-21,EV9,MO,male,17.85802
2025-07-22,EV9,MO,male,15.69638
2025-07-23,EV9,MO,male,15.91746
2025-07-24,EV9,MO,male,14.9349
2025-07-25,EV9,MO,male,15.25423
2025-07-26,EV9,MO,male,22.72169
2025-07-27,EV9,MO,male,21.56718
2025-07-28,EV9,MO,male,16.11397
2025-07-29,EV9,MO,male,14.19798
2025-07-30,EV9,MO,male,15.18054
2025-07-31,EV9,MO,male,17.1211
2025-08-01,EV9,MO,male,16.75264
2025-08-02,EV9,MO,male,25.10439
2025-08-03,EV9,MO,male,21.71456
2025-08-04,EV9,MO,male,16.35961
2025-08-05,EV9,MO,male,17.0474
2025-08-06,EV9,MO,male,14.49275
2025-08-07,EV9,MO,male,16.28592
2025-08-08,EV9,MO,male,16.21223
2025-08-09,EV9,MO,male,23.85163
2025-08-10,EV9,MO,male,24.71137
2025-08-11,EV9,MO,male,15.8192
2025-08-12,EV9,MO,male,17.19479
2025-08-13,EV9,MO,male,17.63694
2025-08-14,EV9,MO,male,18.44755
2025-08-15,EV9,MO,male,25.05526
2025-08-16,EV9,MO,male,25.15352
2025-08-17,EV9,MO,male,26.13608
2025-08-18,EV9,MO,male,16.31048
2025-08-19,EV9,MO,male,17.58781
2025-08-20,EV9,MO,male,18.0054
2025-08-21,EV9,MO,male,15.67182
2025-08-22,EV9,MO,male,15.72095
2025-08-23,EV9,MO,male,21.05133
2025-08-24,EV9,MO,male,21.76369
2025-08-25,EV9,MO,male,16.26136
2025-08-26,EV9,MO,male,15.59813
2025-08-27,EV9,MO,male,16.28592
2025-08-28,EV9,MO,male,14.9349
2025-08-29,EV9,MO,male,16.75264
2025-08-30,EV9,MO,male,22.35323
2025-08-31,EV9,MO,male,22.23041
2025-09-01,EV9,MO,male,17.31761
2025-09-02,EV9,MO,male,19.20903
2025-09-03,EV9,MO,male,16.90002
2025-09-04,EV9,MO,male,17.48956
2025-09-05,EV9,MO,male,19.8477
2025-09-06,EV9,MO,male,26.84844
2025-09-07,EV9,MO,male,29.13289
2025-09-08,EV9,MO,male,16.4333
2025-09-09,EV9,MO,male,16.82633
2025-09-10,EV9,MO,male,16.1631
2025-09-11,EV9,MO,male,15.549
2025-09-12,EV9,MO,male,16.1631
2025-09-13,EV9,MO,male,24.17096
2025-09-14,EV9,MO,male,23.50773
2025-09-15,EV9,MO,male,15.2788
2025-09-16,EV9,MO,male,14.95946
2025-09-17,EV9,MO,male,14.64013
2025-09-18,EV9,MO,male,14.56644
2025-09-19,EV9,MO,male,15.22967
2025-09-20,EV9,MO,male,19.13534
2025-09-21,EV9,MO,male,21.83738
2025-09-22,EV9,MO,male,13.90321
2025-09-23,EV9,MO,male,13.51019
2025-09-24,EV9,MO,male,13.46106
2025-09-25,EV9,MO,male,11.88897
2025-09-26,EV9,MO,male,14.0506
2025-09-27,EV9,MO,male,18.96339
2025-09-28,EV9,MO,male,19.8477
2025-09-29,EV9,MO,male,14.56644
2025-09-30,EV9,MO,male,13.87865
2025-10-01,EV9,MO,male,14.0506
2025-10-02,EV9,MO,male,14.44362
2025-10-03,EV9,MO,male,20.19159
2025-10-04,EV9,MO,male,22.13215
2025-10-05,EV9,MO,male,25.07983
2025-10-06,EV9,MO,male,30.31196
2025-10-07,EV9,MO,male,23.72881
2025-10-08,EV9,MO,male,24.17096
2025-10-09,EV9,MO,male,20.63375
2025-10-10,EV9,MO,male,17.68607
2025-10-11,EV9,MO,male,22.18128
2025-10-12,EV9,MO,male,20.732
2025-10-13,EV9,MO,male,14.19798
2025-10-14,EV9,MO,male,12.4785
2025-10-15,EV9,MO,male,13.23999
2025-10-16,EV9,MO,male,13.58388
2025-10-17,EV9,MO,male,14.09972
2025-10-18,EV9,MO,male,19.18447
2025-10-19,EV9,MO,male,18.15278
2025-10-20,EV9,MO,male,12.28199
2025-10-21,EV9,MO,male,12.84696
2025-10-22,EV9,MO,male,13.53475
2025-10-23,EV9,MO,male,11.20117
2025-10-24,EV9,MO,male,13.65757
2025-10-25,EV9,MO,male,17.90714
2025-10-26,EV9,MO,male,19.33185
2025-10-27,EV9,MO,male,11.44681
2025-10-28,EV9,MO,male,12.15917
2025-10-29,EV9,MO,male,13.78039
2025-10-30,EV9,MO,male,13.31368
2025-10-31,EV9,MO,male,11.81527
